StartDate,EndDate,Status,Progress,Duration (in seconds),Finished,RecordedDate,ResponseId,DistributionChannel,UserLanguage,Q1,Q2,Q2_5_TEXT,Q6,Q16,Q14,Q14_6_TEXT,Q3,Q4,Q5,Q12,Q12_5_TEXT
Start Date,End Date,Response Type,Progress,Duration (in seconds),Finished,Recorded Date,Response ID,Distribution Channel,User Language,Have you attended or are planning to attend an OCS program?,Why didn't you attend an OCS program? (Select all that apply) - Selected Choice,Why didn't you attend an OCS program? (Select all that apply) - Others - Text,In which class year or years did you study abroad? (Select all that apply),Was the program you attended or planning to attend in Europe?,For which reasons did you decide to attend a European program? (Select all that apply) - Selected Choice,For which reasons did you decide to attend a European program? (Select all that apply) - Other - Text,Are you a varsity athlete?,During what term is your athletic season?,Did you plan on doing OCS before coming to Carleton?,In which field of study is your major? - Selected Choice,In which field of study is your major? - Other - Text
"{""ImportId"":""startDate"",""timeZone"":""America/Denver""}","{""ImportId"":""endDate"",""timeZone"":""America/Denver""}","{""ImportId"":""status""}","{""ImportId"":""progress""}","{""ImportId"":""duration""}","{""ImportId"":""finished""}","{""ImportId"":""recordedDate"",""timeZone"":""America/Denver""}","{""ImportId"":""_recordId""}","{""ImportId"":""distributionChannel""}","{""ImportId"":""userLanguage""}","{""ImportId"":""QID1""}","{""ImportId"":""QID8""}","{""ImportId"":""QID8_5_TEXT""}","{""ImportId"":""QID11""}","{""ImportId"":""QID16""}","{""ImportId"":""QID14""}","{""ImportId"":""QID14_6_TEXT""}","{""ImportId"":""QID2""}","{""ImportId"":""QID5""}","{""ImportId"":""QID7""}","{""ImportId"":""QID12""}","{""ImportId"":""QID12_5_TEXT""}"
2020-05-18 19:07:05,2020-05-18 19:07:29,1,100,24,1,2020-05-18 19:07:30,R_3fIwmiQChqldg9U,preview,EN,1,,,"1,3",1,3,,1,2,1,1,
2020-05-19 11:16:38,2020-05-19 11:17:25,1,100,46,1,2020-05-19 11:17:25,R_3RsaGBSNOAaB3aC,preview,EN,1,,,2,2,"1,2",,2,,,,
2020-05-19 11:17:30,2020-05-19 11:17:54,1,100,24,1,2020-05-19 11:17:55,R_w1cy4uNZftEg1s5,preview,EN,2,"3,4",,,,,,,,,,
2020-05-19 11:17:58,2020-05-19 11:18:17,1,100,19,1,2020-05-19 11:18:19,R_aXVunlLn5Zb4T3H,preview,EN,1,,,,2,2,,1,,,,
2020-05-19 12:42:16,2020-05-19 12:42:38,0,100,22,1,2020-05-19 12:42:38,R_3R2R1A0ezKhf6No,email,EN,2,"2,3",,,,,,2,,2,1,
2020-05-19 12:42:24,2020-05-19 12:42:46,0,100,22,1,2020-05-19 12:42:47,R_2AQZW6YexNGJpoz,email,EN,1,,,3,2,,,2,,1,2,
2020-05-19 12:42:52,2020-05-19 12:43:16,0,100,23,1,2020-05-19 12:43:16,R_2QMn7AEtjIXfM5j,email,EN,2,"1,2,3",,,,,,2,,1,1,
2020-05-19 12:42:48,2020-05-19 12:43:19,0,100,31,1,2020-05-19 12:43:19,R_2CemAkak12N7faC,email,EN,1,,,1,1,"1,2,4",,2,,1,4,
2020-05-19 12:42:47,2020-05-19 12:43:19,0,100,32,1,2020-05-19 12:43:19,R_3fADoPB0QALotaU,email,EN,1,,,,1,"1,2,3,4",,2,,1,1,
2020-05-19 12:42:48,2020-05-19 12:43:19,0,100,31,1,2020-05-19 12:43:20,R_2WVe04OyI8RltXn,email,EN,1,,,3,2,,,2,,1,1,
2020-05-19 12:42:48,2020-05-19 12:43:20,0,100,32,1,2020-05-19 12:43:20,R_xD6skCkj51raBMZ,email,EN,1,,,2,1,"1,3,4",,1,2,1,3,
2020-05-19 12:42:40,2020-05-19 12:43:20,0,100,40,1,2020-05-19 12:43:21,R_2UWnapSYSomdEld,email,EN,1,,,3,1,"1,4",,1,1,2,3,
2020-05-19 12:42:46,2020-05-19 12:43:21,0,100,34,1,2020-05-19 12:43:21,R_3oBJ40q3s5iafng,email,EN,1,,,2,1,"1,2",,2,,1,2,
2020-05-19 12:42:50,2020-05-19 12:43:21,0,100,30,1,2020-05-19 12:43:21,R_0uoDZjoFlISiLYt,email,EN,1,,,3,1,"1,5",,2,,1,3,
2020-05-19 12:42:54,2020-05-19 12:43:24,0,100,29,1,2020-05-19 12:43:24,R_2VkJaZqK99ox1l5,email,EN,1,,,3,1,"1,2",,2,,2,1,
2020-05-19 12:42:52,2020-05-19 12:43:26,0,100,33,1,2020-05-19 12:43:26,R_1FIEa7JKdKDlKCE,email,EN,1,,,4,2,,,2,,2,1,
2020-05-19 12:42:53,2020-05-19 12:43:27,0,100,33,1,2020-05-19 12:43:27,R_2zMF20hRy2y74bb,email,EN,1,,,2,1,"1,4",,2,,1,3,
2020-05-19 12:43:02,2020-05-19 12:43:31,0,100,28,1,2020-05-19 12:43:31,R_2qltePUS1uGGfxx,email,EN,1,,,3,2,,,1,1,1,3,
2020-05-19 12:42:59,2020-05-19 12:43:33,0,100,34,1,2020-05-19 12:43:33,R_3n2Eoaa0MUQdHvk,email,EN,2,5,It was cancelled,,,,,2,,1,4,
2020-05-19 12:42:59,2020-05-19 12:43:33,0,100,34,1,2020-05-19 12:43:33,R_pxQzXd8gZpBCsA9,email,EN,1,,,3,2,,,2,,1,1,
2020-05-19 12:43:09,2020-05-19 12:43:40,0,100,30,1,2020-05-19 12:43:40,R_2dth5aIqqlQpVC5,email,EN,1,,,,1,2,,2,,1,3,
2020-05-19 12:42:58,2020-05-19 12:43:42,0,100,43,1,2020-05-19 12:43:42,R_0JSLRv7Fgo3HOGB,email,EN,1,,,"2,3",1,"1,2,5",,2,,1,1,
2020-05-19 12:42:59,2020-05-19 12:43:49,8,100,49,1,2020-05-19 12:43:49,R_u7J2Izju4jMF1W9,email,EN,1,,,3,2,,,2,,1,1,
2020-05-19 12:43:29,2020-05-19 12:43:50,0,100,21,1,2020-05-19 12:43:50,R_OwYqOdtto6LKc49,email,EN,1,,,2,2,,,2,,1,3,
2020-05-19 12:43:18,2020-05-19 12:43:53,0,100,34,1,2020-05-19 12:43:53,R_1OOUhGQY631jDQc,email,EN,1,,,3,1,"1,4",,1,3,1,3,
2020-05-19 12:43:29,2020-05-19 12:44:00,0,100,30,1,2020-05-19 12:44:00,R_1OrAFAXqRbt3MDT,email,EN,1,,,2,1,"1,4,5",,2,,1,3,
2020-05-19 12:43:35,2020-05-19 12:44:01,0,100,25,1,2020-05-19 12:44:01,R_08mcpiHOfulZ3RD,email,EN,1,,,3,1,"1,4",,1,1,1,3,
2020-05-19 12:43:47,2020-05-19 12:44:05,0,100,17,1,2020-05-19 12:44:05,R_2vkpEP0NMbCBnuq,email,EN,2,1,,,,,,2,,2,1,
2020-05-19 12:42:47,2020-05-19 12:44:09,0,100,82,1,2020-05-19 12:44:10,R_1OOneVMP6onFGLq,email,EN,1,,,,2,,,1,1,2,1,
2020-05-19 12:43:34,2020-05-19 12:44:11,0,100,36,1,2020-05-19 12:44:11,R_3G7E44di26VxX2o,email,EN,1,,,3,1,4,,1,3,1,2,
2020-05-19 12:43:35,2020-05-19 12:44:13,0,100,37,1,2020-05-19 12:44:13,R_2Cv5CyGIBIYu3xt,email,EN,1,,,1,1,2,,2,,1,1,
2020-05-19 12:43:48,2020-05-19 12:44:15,0,100,27,1,2020-05-19 12:44:16,R_2rkWWzCwpJkuhlq,email,EN,1,,,2,1,"1,2",,2,,1,2,
2020-05-19 12:43:04,2020-05-19 12:44:20,0,100,75,1,2020-05-19 12:44:20,R_3QXzCoQaYW4yiOF,email,EN,1,,,,1,"1,4",,2,,1,2,
2020-05-19 12:43:42,2020-05-19 12:44:20,8,100,38,1,2020-05-19 12:44:20,R_2BA6VCXH3Slc8AJ,email,EN,1,,,3,2,,,2,,1,1,
2020-05-19 12:43:49,2020-05-19 12:44:23,0,100,34,1,2020-05-19 12:44:23,R_3k7VQNBpgGruXf8,email,EN,1,,,2,1,"1,2,4",,2,,1,2,
2020-05-19 12:43:24,2020-05-19 12:44:24,0,100,59,1,2020-05-19 12:44:24,R_ZDl756qCiCRJnCV,email,EN,1,,,3,2,,,2,,1,1,
2020-05-19 12:43:17,2020-05-19 12:44:43,0,100,85,1,2020-05-19 12:44:43,R_1dt5nU5FEd5GWjQ,email,EN,1,,,3,1,"1,5,6","Safety, access to resources",2,,1,1,
2020-05-19 12:43:19,2020-05-19 12:44:43,0,100,83,1,2020-05-19 12:44:43,R_3J8ie6R0O2wiwia,email,EN,1,,,3,2,,,1,3,1,1,
2020-05-19 12:44:07,2020-05-19 12:44:49,0,100,42,1,2020-05-19 12:44:49,R_25LAhgUcHNOlWO6,email,EN,1,,,3,1,"1,2,4",,2,,1,2,
2020-05-19 12:43:59,2020-05-19 12:44:50,0,100,50,1,2020-05-19 12:44:50,R_T0iwiLynmnoaAvf,email,EN,1,,,,,"2,4",,2,,2,1,
2020-05-19 12:44:00,2020-05-19 12:44:53,0,100,53,1,2020-05-19 12:44:54,R_1QipGOXB6tjkxVa,email,EN,1,,,2,1,"1,4,5",,2,,1,3,
2020-05-19 12:43:21,2020-05-19 12:44:55,0,100,93,1,2020-05-19 12:44:55,R_3Ej5C0LOONyRu1g,email,EN,2,5,uncertainty surrounding COVID-19,,,,,2,,1,3,
2020-05-19 12:44:08,2020-05-19 12:44:55,0,100,47,1,2020-05-19 12:44:55,R_2EAjOg44qqU3cwv,email,EN,1,,,3,1,2,,2,,1,3,
2020-05-19 12:44:19,2020-05-19 12:44:58,0,100,38,1,2020-05-19 12:44:58,R_27wyCahMbOdEED0,email,EN,2,"3,5","I valued being on campus, and didn't find any programs that I was really excited about",,,,,2,,1,1,
2020-05-19 12:44:22,2020-05-19 12:44:59,0,100,36,1,2020-05-19 12:44:59,R_3HSwAEK2pQESCk1,email,EN,1,,,"3,4",2,,,2,,1,1,
2020-05-19 12:44:28,2020-05-19 12:45:05,0,100,37,1,2020-05-19 12:45:05,R_Tcj8L52BhJA4AeZ,email,EN,1,,,,1,"2,5",,1,2,1,2,
2020-05-19 12:44:26,2020-05-19 12:45:07,0,100,41,1,2020-05-19 12:45:07,R_2zd6HaGPYSjXsoc,email,EN,1,,,2,2,,,2,,1,5,Art and Stem
2020-05-19 12:44:33,2020-05-19 12:45:15,0,100,41,1,2020-05-19 12:45:15,R_bE4Hv49pJIuiHtL,email,EN,2,5,First-year student,,,,,2,,1,1,
2020-05-19 12:44:36,2020-05-19 12:45:18,0,100,42,1,2020-05-19 12:45:19,R_2TzKScjQiyIT6yY,email,EN,1,,,,1,"1,2,5",,2,,1,5,"Undecided "
2020-05-19 12:44:55,2020-05-19 12:45:20,0,100,25,1,2020-05-19 12:45:20,R_3iBWBtaCvIFHkfb,email,EN,1,,,2,1,"1,2,4",,2,,1,1,
2020-05-19 12:44:50,2020-05-19 12:45:25,0,100,34,1,2020-05-19 12:45:25,R_3HtpFQ9I6Ln1AyS,email,EN,1,,,3,1,"1,2,4,5",,2,,1,3,
2020-05-19 12:45:05,2020-05-19 12:45:29,0,100,23,1,2020-05-19 12:45:29,R_2Y4U4sPzkQ94dp5,email,EN,1,,,3,2,,,2,,1,4,
2020-05-19 12:45:05,2020-05-19 12:45:29,0,100,24,1,2020-05-19 12:45:30,R_2P1iMxIgXgyBosp,email,EN,1,,,,,,,,,1,2,
2020-05-19 12:43:42,2020-05-19 12:45:38,0,100,116,1,2020-05-19 12:45:38,R_b87KlzgtWQ8rtsd,email,EN,1,,,3,2,,,2,,1,2,
2020-05-19 12:45:16,2020-05-19 12:45:39,8,100,22,1,2020-05-19 12:45:39,R_22mL6kiwhzH40tM,email,EN,1,,,3,2,,,2,,1,1,
2020-05-19 12:44:53,2020-05-19 12:45:43,0,100,50,1,2020-05-19 12:45:43,R_2e2zK1cM3tOFJ6j,email,EN,1,,,3,1,"2,6",Prestige,2,,2,1,
2020-05-19 12:45:25,2020-05-19 12:45:48,0,100,22,1,2020-05-19 12:45:48,R_OEfax5yAP9xU2Hf,email,EN,1,,,3,2,,,2,,1,4,
2020-05-19 12:45:00,2020-05-19 12:46:14,0,100,74,1,2020-05-19 12:46:15,R_XKYpLRxnxmzK3nj,email,EN,2,"1,2,5","Did not want to take a term off at Carleton, Winter Break trip cancelled",,,,,2,,1,3,
2020-05-19 12:45:40,2020-05-19 12:46:27,0,100,46,1,2020-05-19 12:46:27,R_r7tJN85MUHCj73P,email,EN,1,,,3,1,"1,2,4",,2,,1,1,
2020-05-19 12:45:44,2020-05-19 12:46:35,0,100,51,1,2020-05-19 12:46:35,R_SHjxqOY1UMapLqh,email,EN,2,5,Cancelled due to covid,,,,,2,,1,3,
2020-05-19 12:45:51,2020-05-19 12:46:49,0,100,58,1,2020-05-19 12:46:49,R_3kb3g5jbfwRb7Di,email,EN,1,,,4,2,,,2,,1,3,
2020-05-19 12:46:01,2020-05-19 12:46:56,0,100,55,1,2020-05-19 12:46:56,R_4OyIIJ0eIW1itrP,email,EN,1,,,,2,,,2,,1,1,
2020-05-19 12:42:59,2020-05-19 12:46:57,0,100,238,1,2020-05-19 12:46:57,R_28CCPygnIyXqHrU,email,EN,1,,,2,2,,,2,,1,2,
2020-05-19 12:46:18,2020-05-19 12:46:58,0,100,40,1,2020-05-19 12:46:58,R_3MKxdnQih2COqcj,email,EN,1,,,3,1,"2,4",,2,,2,1,
2020-05-19 12:45:56,2020-05-19 12:47:00,0,100,64,1,2020-05-19 12:47:01,R_2rT7pYdcNgQiMim,email,EN,1,,,3,2,,,2,,1,3,
2020-05-19 12:46:38,2020-05-19 12:47:04,8,100,26,1,2020-05-19 12:47:04,R_3LZ6kLztTqXVm0c,email,EN,1,,,3,2,,,2,,1,1,
2020-05-19 12:46:35,2020-05-19 12:47:06,0,100,30,1,2020-05-19 12:47:06,R_bvbRq0nlRkKnbZn,email,EN,1,,,4,1,"1,2,4",,2,,1,3,
2020-05-19 12:46:54,2020-05-19 12:47:08,0,100,13,1,2020-05-19 12:47:08,R_rqKWaohOiYG8bol,email,EN,2,3,,,,,,2,,2,2,
2020-05-19 12:46:09,2020-05-19 12:47:09,0,100,59,1,2020-05-19 12:47:09,R_3RslQeAn8iIGtp1,email,EN,1,,,3,2,6,not a European program,2,,1,1,
2020-05-19 12:46:28,2020-05-19 12:47:12,0,100,43,1,2020-05-19 12:47:12,R_XMtZ1qorS6ZSO1b,email,EN,1,,,3,1,"1,2,4,5",,2,,1,4,
2020-05-19 12:46:50,2020-05-19 12:47:23,0,100,32,1,2020-05-19 12:47:23,R_1rGILePRw0yyq01,email,EN,1,,,3,1,"1,2,4",,2,,2,3,
2020-05-19 12:47:09,2020-05-19 12:47:40,8,100,30,1,2020-05-19 12:47:40,R_1DSdtjp0fN7MxfG,email,EN,1,,,3,1,"1,2,4",,2,,1,1,
2020-05-19 12:47:23,2020-05-19 12:47:49,0,100,26,1,2020-05-19 12:47:50,R_8ui6j1pEIeG5Ahb,email,EN,1,,,3,1,"1,2,4",,2,,2,1,
2020-05-19 12:47:37,2020-05-19 12:48:19,0,100,42,1,2020-05-19 12:48:19,R_25T6ZFv0C74jyyD,email,EN,1,,,2,1,"1,2,4",,2,,1,3,
2020-05-19 12:46:38,2020-05-19 12:48:25,0,100,106,1,2020-05-19 12:48:25,R_rk9gTAfY3iNRXzz,email,EN,1,,,"2,3",1,"1,2,4,5",,1,2,1,5,STEM and Humanities
2020-05-19 12:48:13,2020-05-19 12:48:42,0,100,29,1,2020-05-19 12:48:42,R_2dWsrNGrAP4pO2B,email,EN,1,,,,,,,2,,1,1,
2020-05-19 12:48:43,2020-05-19 12:49:20,0,100,36,1,2020-05-19 12:49:20,R_1GmpAA92eQV9G25,email,EN,1,,,4,2,,,2,,1,2,
2020-05-19 12:48:23,2020-05-19 12:49:25,0,100,62,1,2020-05-19 12:49:25,R_1IcpvHcnNr0lQIA,email,EN,1,,,2,2,,,2,,1,3,
2020-05-19 12:48:10,2020-05-19 12:49:35,0,100,85,1,2020-05-19 12:49:35,R_8IgyiofIyeQELsJ,email,EN,1,,,2,2,,,2,,1,3,
2020-05-19 12:49:04,2020-05-19 12:49:44,0,100,39,1,2020-05-19 12:49:44,R_3Rjykawuu6SHWha,email,EN,1,,,2,1,"1,2,5",,2,,1,2,
2020-05-19 12:49:28,2020-05-19 12:49:57,0,100,29,1,2020-05-19 12:49:57,R_5uItReuBB9IKaCB,email,EN,1,,,"2,3",1,"1,5",,2,,1,1,
2020-05-19 12:49:19,2020-05-19 12:50:03,0,100,44,1,2020-05-19 12:50:03,R_3qJ0PMHMZT1JAIc,email,EN,1,,,2,1,"2,4",,1,1,2,3,
2020-05-19 12:49:35,2020-05-19 12:50:10,0,100,35,1,2020-05-19 12:50:10,R_27BfT5gjg09L4XM,email,EN,1,,,3,2,,,2,,1,1,
2020-05-19 12:49:55,2020-05-19 12:50:48,0,100,53,1,2020-05-19 12:50:48,R_3Em9rfDUqig9PeQ,email,EN,1,,,3,1,"1,3,5,6",familiarity with European culture,2,,1,1,
2020-05-19 12:50:18,2020-05-19 12:50:48,0,100,30,1,2020-05-19 12:50:48,R_27IDYK3ZbYp2fZy,email,EN,1,,,2,1,"1,2,4",,2,,1,1,
2020-05-19 12:50:19,2020-05-19 12:50:54,0,100,35,1,2020-05-19 12:50:54,R_1jrmmTpgNJDohqh,email,EN,2,3,,,,,,2,,2,1,
2020-05-19 12:50:39,2020-05-19 12:51:10,0,100,31,1,2020-05-19 12:51:11,R_9Ncd6vDQjNYySSR,email,EN,1,,,,2,,,2,,1,2,
2020-05-19 12:51:19,2020-05-19 12:51:55,0,100,36,1,2020-05-19 12:51:56,R_2PhdxhmRkkDlyFm,email,EN,1,,,"2,3",1,"1,2,5",,2,,1,5,Language
2020-05-19 12:51:50,2020-05-19 12:52:07,0,100,17,1,2020-05-19 12:52:07,R_3GoW4nPQVJdpq02,email,EN,1,,,,2,,,2,,1,2,
2020-05-19 12:51:21,2020-05-19 12:52:08,0,100,46,1,2020-05-19 12:52:08,R_1opWIXpJ0FpIK2s,email,EN,2,5,Coronavirus,,,,,2,,1,4,
2020-05-19 12:50:56,2020-05-19 12:52:20,0,100,83,1,2020-05-19 12:52:20,R_RxzkE2g4hScIeT7,email,EN,2,5,Cancelled b/c of COVID-19,,,,,2,,1,1,
2020-05-19 12:51:30,2020-05-19 12:52:26,0,100,56,1,2020-05-19 12:52:26,R_sMV6CqtwaQRql6F,email,EN,1,,,,2,,,1,1,1,1,
2020-05-19 12:52:21,2020-05-19 12:52:55,0,100,33,1,2020-05-19 12:52:55,R_z6W6sZGFaBEa5Et,email,EN,1,,,2,2,,,2,,1,5,Undecided
2020-05-19 12:52:37,2020-05-19 12:53:00,0,100,22,1,2020-05-19 12:53:00,R_Tngxj1uHaY3Vod3,email,EN,1,,,3,1,"1,4",,2,,1,1,
2020-05-19 12:52:32,2020-05-19 12:53:04,0,100,31,1,2020-05-19 12:53:04,R_3OyDvY5Y4QBRB73,email,EN,1,,,"2,3",2,,,2,,1,1,
2020-05-19 12:50:43,2020-05-19 12:53:22,0,100,159,1,2020-05-19 12:53:22,R_21GK0TVPUKkNOkQ,email,EN,1,,,,1,"1,2",,2,,1,3,
2020-05-19 12:51:19,2020-05-19 12:53:26,0,100,126,1,2020-05-19 12:53:26,R_r3GGGHZ3oYSCjkt,email,EN,1,,,3,1,"1,2,4",,2,,1,1,
2020-05-19 12:53:01,2020-05-19 12:53:29,0,100,27,1,2020-05-19 12:53:29,R_2CdhfiYBaf2znx3,email,EN,1,,,3,2,,,2,,1,1,
2020-05-19 12:53:11,2020-05-19 12:53:32,8,100,21,1,2020-05-19 12:53:32,R_27VAb3C5NvpQl1j,email,EN,1,,,3,2,,,2,,1,1,
2020-05-19 12:53:07,2020-05-19 12:53:41,0,100,33,1,2020-05-19 12:53:41,R_1pnG8adF9mgcd7N,email,EN,1,,,"2,4",2,,,2,,1,4,
2020-05-19 12:52:51,2020-05-19 12:54:00,0,100,68,1,2020-05-19 12:54:00,R_3PNsEWinyOU4C4o,email,EN,1,,,3,1,"1,4",,1,1,1,1,
2020-05-19 12:53:16,2020-05-19 12:54:00,0,100,43,1,2020-05-19 12:54:00,R_2xWt6pYX5eoxzAZ,email,EN,1,,,2,1,"1,5",,2,,1,1,
2020-05-19 12:53:47,2020-05-19 12:54:16,0,100,29,1,2020-05-19 12:54:17,R_27kG7sLBH2GhGBi,email,EN,1,,,3,2,,,2,,1,1,
2020-05-19 12:52:23,2020-05-19 12:54:26,0,100,122,1,2020-05-19 12:54:26,R_PwjONCy6O8K0k37,email,EN,1,,,3,2,,,2,,2,2,
2020-05-19 12:53:54,2020-05-19 12:54:40,0,100,46,1,2020-05-19 12:54:41,R_3MrF8EzBJGANuLW,email,EN,1,,,3,1,6,"Subject related to minor ",1,2,1,1,
2020-05-19 12:54:07,2020-05-19 12:54:46,0,100,38,1,2020-05-19 12:54:46,R_2QYfEveJ38xu3Ym,email,EN,1,,,2,1,4,,1,2,1,1,
2020-05-19 12:54:36,2020-05-19 12:54:59,0,100,23,1,2020-05-19 12:54:59,R_3oYjWLO0eJyKwaG,email,EN,1,,,3,2,,,2,,2,1,
2020-05-19 12:53:55,2020-05-19 12:55:35,0,100,100,1,2020-05-19 12:55:35,R_OcWJiKNXgPnJBrH,email,EN,1,,,,1,2,,2,,1,4,
2020-05-19 12:55:19,2020-05-19 12:55:47,0,100,28,1,2020-05-19 12:55:48,R_8ii5jOU8Et7NPP3,email,EN,1,,,3,1,"1,2,4",,2,,2,1,
2020-05-19 12:55:00,2020-05-19 12:56:17,0,100,76,1,2020-05-19 12:56:17,R_2EGFlfOCuAgqn9u,email,EN,2,"2,5",The Australia program got canceled,,,,,2,,1,1,
2020-05-19 12:56:09,2020-05-19 12:56:55,0,100,46,1,2020-05-19 12:56:55,R_1JLxbn2bUwCPRaD,email,EN,1,,,3,1,"1,2,4",,2,,1,3,
2020-05-19 12:56:43,2020-05-19 12:57:00,1,100,17,1,2020-05-19 12:57:00,R_yCRAqOshgDPvXb3,preview,EN,2,1,,,,,,2,,2,2,
2020-05-19 12:56:04,2020-05-19 12:57:02,0,100,58,1,2020-05-19 12:57:02,R_1FqrBLcLRAWdQkz,email,EN,1,,,3,1,2,,2,,1,3,
2020-05-19 12:56:44,2020-05-19 12:57:11,0,100,26,1,2020-05-19 12:57:11,R_BMytbtSovU5CK7D,email,EN,1,,,"2,4",1,"1,5",,2,,1,1,
2020-05-19 12:56:36,2020-05-19 12:57:17,0,100,40,1,2020-05-19 12:57:17,R_1pAlLPWMbFVXfkO,email,EN,1,,,2,2,,,2,,1,2,
2020-05-19 12:56:03,2020-05-19 12:57:18,0,100,74,1,2020-05-19 12:57:18,R_1F8RayEyfH1WZF3,email,EN,1,,,,1,"1,2,4,5",,2,,1,4,
2020-05-19 12:56:47,2020-05-19 12:57:37,0,100,50,1,2020-05-19 12:57:37,R_6njgyXKiv8TJt0R,email,EN,1,,,"2,3",2,,,2,,1,1,
2020-05-19 12:56:28,2020-05-19 12:57:42,0,100,74,1,2020-05-19 12:57:42,R_yEg1QWo2wtclqDv,email,EN,2,"2,5",Ones interesting to me didn't fit my course schedule,,,,,2,,1,1,
2020-05-19 12:57:14,2020-05-19 12:57:48,0,100,33,1,2020-05-19 12:57:48,R_1eQ6miNAiGAQ0G6,email,EN,1,,,2,1,"1,4",,2,,2,1,
2020-05-19 12:57:26,2020-05-19 12:57:57,0,100,30,1,2020-05-19 12:57:57,R_3qmrortpkOxtn3E,email,EN,1,,,3,1,"1,2,4",,2,,2,1,
2020-05-19 12:56:43,2020-05-19 12:58:03,0,100,79,1,2020-05-19 12:58:03,R_2rpdUi52qfvgrDA,email,EN,1,,,4,1,"1,2,4",,2,,2,3,
2020-05-19 12:58:05,2020-05-19 12:58:44,0,100,39,1,2020-05-19 12:58:44,R_2zHzSU18wNEt2mJ,email,EN,1,,,"2,3",1,"1,2,4,5",,2,,1,2,
2020-05-19 12:45:28,2020-05-19 13:00:17,0,100,888,1,2020-05-19 13:00:17,R_1jV2rNeXooAiUpd,email,EN,2,2,,,,,,1,1,2,1,
2020-05-19 12:58:57,2020-05-19 13:00:24,0,100,87,1,2020-05-19 13:00:24,R_RLdjlaJ4usFjOE1,email,EN,2,5,I didn't find options that fit what I wanted to learn about,,,,,2,,2,1,
2020-05-19 12:59:55,2020-05-19 13:00:32,0,100,37,1,2020-05-19 13:00:32,R_z0YcsDYjeV4wHzH,email,EN,1,,,3,1,"1,2,4",,2,,1,3,
2020-05-19 12:46:06,2020-05-19 13:00:33,8,100,866,1,2020-05-19 13:00:33,R_3OxTMRpKm3nOe53,email,EN,1,,,3,2,,,2,,1,1,
2020-05-19 12:58:16,2020-05-19 13:00:38,0,100,141,1,2020-05-19 13:00:38,R_1NwfgEsaKcFhaSg,email,EN,1,,,2,1,"2,5",,2,,1,2,
2020-05-19 12:59:23,2020-05-19 13:00:55,0,100,91,1,2020-05-19 13:00:55,R_8cu6yiOBzhuHXR7,email,EN,1,,,3,1,"1,5",,2,,1,1,
2020-05-19 13:00:26,2020-05-19 13:01:00,0,100,33,1,2020-05-19 13:01:00,R_3iDSdRwNF12VN8Q,email,EN,1,,,3,2,,,1,1,1,1,
2020-05-19 13:00:30,2020-05-19 13:01:12,0,100,41,1,2020-05-19 13:01:13,R_3fIc4LECkjsdOwL,email,EN,1,,,3,2,,,2,,1,1,
2020-05-19 13:00:58,2020-05-19 13:01:31,0,100,33,1,2020-05-19 13:01:31,R_2aQDMcVwxRIP3V4,email,EN,1,,,3,2,,,2,,1,3,
2020-05-19 13:00:28,2020-05-19 13:01:35,0,100,66,1,2020-05-19 13:01:36,R_1mDEG6bkCHTUJTQ,email,EN,2,5,Coronavirus,,,,,2,,1,3,
2020-05-19 13:01:14,2020-05-19 13:01:41,0,100,27,1,2020-05-19 13:01:42,R_PvxY7QEGSCTMbLP,email,EN,2,"3,5",Mental Health reasons,,,,,2,,1,2,
2020-05-19 13:01:45,2020-05-19 13:02:12,0,100,26,1,2020-05-19 13:02:13,R_3pa8YOGkYRXG8Vh,email,EN,1,,,3,1,"2,4,5",,2,,1,1,
2020-05-19 13:02:08,2020-05-19 13:02:45,0,100,36,1,2020-05-19 13:02:46,R_33a7O8MrJQhgkxd,email,EN,1,,,2,1,5,,2,,1,3,
2020-05-19 13:01:55,2020-05-19 13:02:49,0,100,53,1,2020-05-19 13:02:49,R_274pH8BjxySjjlK,email,EN,1,,,,1,2,,1,1,1,3,
2020-05-19 13:02:41,2020-05-19 13:03:32,0,100,51,1,2020-05-19 13:03:32,R_1hQKvKKWYMvn4gA,email,EN,2,5,Did not find one that fit my major properly,,,,,1,3,1,3,
2020-05-19 13:03:17,2020-05-19 13:03:41,0,100,23,1,2020-05-19 13:03:41,R_3Jft0DIZdd4uquf,email,EN,1,,,3,1,"1,2,5",,2,,1,2,
2020-05-19 13:03:08,2020-05-19 13:03:54,0,100,45,1,2020-05-19 13:03:54,R_10qhsE4rcV72PWU,email,EN,1,,,2,1,"1,5",,2,,1,2,
2020-05-19 13:03:24,2020-05-19 13:03:59,8,100,34,1,2020-05-19 13:03:59,R_3dLzsoLfBIy4lmO,email,EN,1,,,3,1,"1,2,4",,2,,2,1,
2020-05-19 13:03:33,2020-05-19 13:04:03,0,100,29,1,2020-05-19 13:04:03,R_1hBkG9ImNpJudsu,email,EN,2,3,,,,,,2,,1,3,
2020-05-19 13:03:22,2020-05-19 13:04:06,0,100,44,1,2020-05-19 13:04:07,R_cH2MOXVpkXrae2Z,email,EN,1,,,2,1,"1,2,4",,1,2,2,2,
2020-05-19 13:03:44,2020-05-19 13:04:25,0,100,40,1,2020-05-19 13:04:25,R_1msGP7VA1qF9nNJ,email,EN,1,,,3,1,"1,2,4",,2,,2,5,STEM and Arts
2020-05-19 13:04:00,2020-05-19 13:04:27,0,100,27,1,2020-05-19 13:04:27,R_6eZSYStE1EG8P8l,email,EN,1,,,3,2,,,2,,1,2,
2020-05-19 13:03:54,2020-05-19 13:04:40,0,100,45,1,2020-05-19 13:04:40,R_11hEYjIOhwOggKw,email,EN,1,,,2,1,2,,2,,2,1,
2020-05-19 13:03:43,2020-05-19 13:04:42,0,100,58,1,2020-05-19 13:04:42,R_RW9laWvFpPzcsV3,email,EN,1,,,3,2,"1,2",,2,,2,2,
2020-05-19 13:04:24,2020-05-19 13:04:59,0,100,35,1,2020-05-19 13:04:59,R_2tyy5cT4epYmY0B,email,EN,2,"3,5",Course interests not represented,,,,,2,,2,1,
2020-05-19 13:03:47,2020-05-19 13:05:03,0,100,75,1,2020-05-19 13:05:03,R_2v38tgsOHPzf3Qc,email,EN,1,,,,1,"1,2",,2,,1,5,"Undecided, interested in majors from multiple fields"
2020-05-19 12:58:44,2020-05-19 13:05:08,0,100,384,1,2020-05-19 13:05:08,R_2Xn6vpbPD9MAznS,email,EN,1,,,3,1,"1,2,6","My program travelled to four cities, one of which was in Europe, so I wouldn't call it an European program per se.",2,,2,3,
2020-05-19 13:03:37,2020-05-19 13:05:10,0,100,93,1,2020-05-19 13:05:10,R_3KN2TSj8D58tyoP,email,EN,1,,,,1,"1,4",,1,2,1,3,
2020-05-19 13:05:36,2020-05-19 13:06:38,0,100,62,1,2020-05-19 13:06:38,R_reXf1yTqShv8CjL,email,EN,1,,,3,2,,,2,,1,1,
2020-05-19 13:06:16,2020-05-19 13:06:52,0,100,35,1,2020-05-19 13:06:52,R_1N5oWS8AoGLKkMb,email,EN,1,,,3,1,"1,2,4,5",,2,,1,4,
2020-05-19 12:53:09,2020-05-19 13:07:11,0,100,842,1,2020-05-19 13:07:12,R_vxkVzhSDAqPFvEt,email,EN,1,,,3,1,"1,2",,2,,1,1,
2020-05-19 13:06:53,2020-05-19 13:07:22,0,100,29,1,2020-05-19 13:07:23,R_vNYbt7y6Y7GEJWN,email,EN,1,,,3,1,"2,6",Visit somewhere I had lived before,2,,2,3,
2020-05-19 13:07:07,2020-05-19 13:07:29,0,100,22,1,2020-05-19 13:07:29,R_26bVcmaF1VcwUpD,email,EN,1,,,"2,3",2,,,2,,1,1,
2020-05-19 13:06:26,2020-05-19 13:07:39,0,100,73,1,2020-05-19 13:07:40,R_3ixML570XrnwneD,email,EN,1,,,3,1,"1,2,4,5",,2,,2,5,Both Social Sciences and Arts
2020-05-19 13:07:57,2020-05-19 13:08:26,0,100,29,1,2020-05-19 13:08:26,R_2wbKsD7NT1V04TN,email,EN,1,,,3,2,,,2,,1,1,
2020-05-19 13:07:48,2020-05-19 13:08:30,0,100,42,1,2020-05-19 13:08:30,R_spdlHt9Es9NoBMd,email,EN,1,,,2,1,"1,2,4",,2,,1,2,
2020-05-19 13:06:34,2020-05-19 13:08:35,0,100,121,1,2020-05-19 13:08:35,R_oZbWw08nwqf7dy9,email,EN,1,,,,1,2,,1,3,1,3,
2020-05-19 13:08:22,2020-05-19 13:08:51,0,100,28,1,2020-05-19 13:08:51,R_3lEbXAzxPDhhwub,email,EN,2,"1,2",,,,,,2,,1,2,
2020-05-19 13:09:07,2020-05-19 13:09:37,0,100,30,1,2020-05-19 13:09:37,R_3HoCD6yDdcPMhYc,email,EN,2,5,Denied Acceptance,,,,,2,,1,3,
2020-05-19 13:08:55,2020-05-19 13:09:52,0,100,56,1,2020-05-19 13:09:52,R_1gTsNdcighBwwz9,email,EN,1,,,,1,"1,4",,2,,1,1,
2020-05-19 13:10:01,2020-05-19 13:10:48,0,100,47,1,2020-05-19 13:10:49,R_1Oqp2fc4hujAm9t,email,EN,1,,,3,2,,,2,,1,4,
2020-05-19 13:10:28,2020-05-19 13:10:53,0,100,25,1,2020-05-19 13:10:54,R_2rqnOuGs37MqEIJ,email,EN,1,,,4,1,2,,1,3,1,3,
2020-05-19 13:10:26,2020-05-19 13:10:57,8,100,31,1,2020-05-19 13:10:57,R_2cc1P4JzzyiFLay,email,EN,1,,,3,2,,,2,,1,1,
2020-05-19 13:06:21,2020-05-19 13:11:02,0,100,280,1,2020-05-19 13:11:02,R_2A0hmHD6fJlwHp1,email,EN,1,,,4,2,,,2,,1,2,
2020-05-19 13:10:39,2020-05-19 13:11:10,0,100,30,1,2020-05-19 13:11:10,R_r28DimW9EBaihGh,email,EN,1,,,2,1,2,,2,,1,1,
2020-05-19 13:10:36,2020-05-19 13:11:38,0,100,62,1,2020-05-19 13:11:38,R_3Poj5KMnaskWWrr,email,EN,2,,,,,,,,,,,
2020-05-19 13:11:32,2020-05-19 13:12:00,0,100,28,1,2020-05-19 13:12:00,R_3Jnsyu6bSBE3okq,email,EN,1,,,"2,3",1,"1,2,4,5",,2,,1,1,
2020-05-19 13:11:42,2020-05-19 13:12:11,0,100,28,1,2020-05-19 13:12:11,R_2rGvIlI4TnXgBd6,email,EN,2,"3,4",,,,,,,2,2,2,
2020-05-19 13:12:23,2020-05-19 13:13:11,0,100,47,1,2020-05-19 13:13:11,R_1ClwenTkshaZbPB,email,EN,1,,,,,,,2,,1,3,
2020-05-19 13:12:53,2020-05-19 13:13:19,0,100,25,1,2020-05-19 13:13:19,R_rdNa7krEdwkgjFT,email,EN,1,,,3,2,,,2,,1,2,
2020-05-19 13:13:37,2020-05-19 13:14:08,0,100,30,1,2020-05-19 13:14:08,R_2wz97cskZuNJNPT,email,EN,2,2,,,,,,2,,2,1,
2020-05-19 13:14:02,2020-05-19 13:14:39,0,100,37,1,2020-05-19 13:14:40,R_1LUvWXLsAhemli8,email,EN,1,,,"1,2,3",1,2,,2,,1,1,
2020-05-19 13:13:10,2020-05-19 13:14:55,0,100,104,1,2020-05-19 13:14:55,R_1MKOSTZOiBhkS5j,email,EN,1,,,3,1,"2,4",,2,,1,1,
2020-05-19 13:14:43,2020-05-19 13:15:10,0,100,26,1,2020-05-19 13:15:10,R_1itj7aRFzPYfryx,email,EN,1,,,3,2,,,2,,2,3,
2020-05-19 13:15:17,2020-05-19 13:15:56,0,100,38,1,2020-05-19 13:15:56,R_R4E0BdFzQqEiSPf,email,EN,1,,,3,2,,,2,,1,3,
2020-05-19 13:14:29,2020-05-19 13:16:20,0,100,110,1,2020-05-19 13:16:20,R_835qBC2C0tznVjr,email,EN,1,,,2,1,"1,2,5",,2,,1,5,"Double major, one in STEM and one in humanities"
2020-05-19 13:16:42,2020-05-19 13:17:12,0,100,29,1,2020-05-19 13:17:12,R_2xXaIBJsGUW9inK,email,EN,1,,,"2,3",2,,,1,1,1,4,
2020-05-19 13:16:54,2020-05-19 13:17:12,0,100,18,1,2020-05-19 13:17:12,R_1154ZHHXVZ8MKpj,email,EN,2,5,,,2,,,2,,2,1,
2020-05-19 13:16:36,2020-05-19 13:18:26,0,100,109,1,2020-05-19 13:18:26,R_3Jz5JOhUE6jxa1Y,email,EN,2,2,,,,,,,,1,2,
2020-05-19 13:18:20,2020-05-19 13:18:48,0,100,27,1,2020-05-19 13:18:48,R_272QT3Lcp6CmfPP,email,EN,1,,,,1,"1,2",,2,,1,2,
2020-05-19 13:18:18,2020-05-19 13:19:08,0,100,49,1,2020-05-19 13:19:08,R_3PhpdDb41CzFCQv,email,EN,1,,,3,2,,,2,,1,1,
2020-05-19 13:19:44,2020-05-19 13:20:28,0,100,44,1,2020-05-19 13:20:29,R_3kFxU7h2F0o4IIq,email,EN,1,,,4,1,"1,2",,1,1,2,1,
2020-05-19 13:19:53,2020-05-19 13:20:34,0,100,40,1,2020-05-19 13:20:34,R_3fHmlpjNbjVUeXO,email,EN,1,,,,1,5,,1,1,1,1,
2020-05-19 13:20:49,2020-05-19 13:21:21,0,100,32,1,2020-05-19 13:21:21,R_abBIMTlqiJb6Gid,email,EN,1,,,3,1,"1,2,4,5",,1,2,1,1,
2020-05-19 13:21:44,2020-05-19 13:22:26,0,100,41,1,2020-05-19 13:22:26,R_3nBZN8u1Wl1PBx3,email,EN,1,,,3,1,"1,5",,2,,1,1,
2020-05-19 13:22:30,2020-05-19 13:23:14,0,100,44,1,2020-05-19 13:23:14,R_1IYnSfnrY4mwe7P,email,EN,1,,,3,1,"1,2,4",,1,3,1,4,
2020-05-19 13:23:10,2020-05-19 13:23:31,0,100,20,1,2020-05-19 13:23:31,R_2c8jgpvPOce5x6j,email,EN,1,,,3,1,"1,2,4",,2,,1,3,
2020-05-19 13:23:02,2020-05-19 13:23:40,0,100,37,1,2020-05-19 13:23:40,R_2CDJkD1Ry8AbYLG,email,EN,1,,,,1,"1,3,4,5",,2,,1,3,
2020-05-19 13:23:23,2020-05-19 13:23:49,0,100,25,1,2020-05-19 13:23:49,R_1kFwybMWkAxW00F,email,EN,1,,,2,2,,,2,,1,1,
2020-05-19 13:23:15,2020-05-19 13:23:51,0,100,36,1,2020-05-19 13:23:51,R_1pAP8aDI6TuOabu,email,EN,1,,,3,1,"1,2,4",,2,,2,1,
2020-05-19 13:23:33,2020-05-19 13:24:10,0,100,37,1,2020-05-19 13:24:11,R_2AGXAIvZ0BWkGJw,email,EN,1,,,,1,"1,4",,2,,1,1,
2020-05-19 13:23:35,2020-05-19 13:24:18,0,100,42,1,2020-05-19 13:24:18,R_ueq1M4z0mrfnCDf,email,EN,1,,,3,2,,,2,,1,2,
2020-05-19 13:23:56,2020-05-19 13:24:31,0,100,34,1,2020-05-19 13:24:31,R_12chwVXPR1LcvTZ,email,EN,1,,,3,2,,,2,,1,3,
2020-05-19 13:23:09,2020-05-19 13:24:35,0,100,85,1,2020-05-19 13:24:35,R_3e3wfC1Dr1Qb4bu,email,EN,2,5,I am a First Year and wanted to stay on campus for the first year of college,,,,,2,,1,1,
2020-05-19 13:24:30,2020-05-19 13:24:48,0,100,17,1,2020-05-19 13:24:48,R_3D7NNWUMeu1OcNv,email,EN,2,2,,,,,,2,,2,1,
2020-05-19 13:18:44,2020-05-19 13:24:50,0,100,366,1,2020-05-19 13:24:50,R_3hxyEIW5MNGFomW,email,EN,1,,,2,2,6,Did not go to Europe,2,,2,1,
2020-05-19 13:23:58,2020-05-19 13:25:03,0,100,65,1,2020-05-19 13:25:04,R_1NaJnAowm97Lyfs,email,EN,1,,,2,2,,,1,1,1,3,
2020-05-19 13:23:26,2020-05-19 13:25:40,0,100,133,1,2020-05-19 13:25:40,R_6kUboGrj7aBVg2J,email,EN,1,,,,1,"2,4",,2,,2,4,
2020-05-19 13:00:56,2020-05-19 13:25:42,0,100,1486,1,2020-05-19 13:25:43,R_1rfDA6UZHSBer4B,email,EN,2,"3,5","Timing of OCS programs conflicts, hard to find OCS programs that interest me",,,,,2,,1,3,
2020-05-19 13:26:09,2020-05-19 13:26:29,0,100,19,1,2020-05-19 13:26:29,R_39t30HcdpX3vItz,email,EN,2,2,,,,,,2,,2,1,
2020-05-19 13:26:55,2020-05-19 13:27:23,0,100,27,1,2020-05-19 13:27:23,R_ZpG4dLNPnoLtFDj,email,EN,1,,,,2,,,2,,1,3,
2020-05-19 13:27:41,2020-05-19 13:28:12,0,100,30,1,2020-05-19 13:28:12,R_XzZJCq6wjH9JMpr,email,EN,1,,,3,2,,,1,1,1,1,
2020-05-19 13:28:23,2020-05-19 13:29:17,0,100,54,1,2020-05-19 13:29:17,R_2YQZka2nW1IvTJA,email,EN,1,,,3,2,,,2,,1,1,
2020-05-19 13:25:39,2020-05-19 13:29:23,0,100,224,1,2020-05-19 13:29:24,R_dmtADwBJboPB9x7,email,EN,1,,,3,1,"1,4",,1,3,1,1,
2020-05-19 13:28:44,2020-05-19 13:29:29,0,100,45,1,2020-05-19 13:29:30,R_1EfWgIgnG14lyv3,email,EN,1,,,4,1,"2,6",Subject related to professional aspirations,2,,1,2,
2020-05-19 13:29:40,2020-05-19 13:30:07,0,100,27,1,2020-05-19 13:30:07,R_3MmJ9NQVQWWumeI,email,EN,2,2,,,,,,2,,1,3,
2020-05-19 13:29:11,2020-05-19 13:30:46,0,100,95,1,2020-05-19 13:30:47,R_22mPMd1ubZNCnWS,email,EN,2,"2,5","Very few science programs, out of the Carleton programs, there isn’t a subject that I love enough to devote an entire term to",,,,,2,,1,1,
2020-05-19 13:18:29,2020-05-19 13:31:33,0,100,783,1,2020-05-19 13:31:33,R_3fGHyFpfh2yowoQ,email,EN,1,,,3,2,,,1,1,1,1,
2020-05-19 13:31:19,2020-05-19 13:31:59,0,100,40,1,2020-05-19 13:31:59,R_1C8vpek65igIYy4,email,EN,1,,,3,1,"1,2,4,5",,2,,1,2,
2020-05-19 13:31:22,2020-05-19 13:32:01,0,100,38,1,2020-05-19 13:32:01,R_xtMjyrCx5QZCIsp,email,EN,1,,,,1,"1,4",,2,,1,1,
2020-05-19 13:31:26,2020-05-19 13:32:02,0,100,35,1,2020-05-19 13:32:02,R_2vdj5vwHPJuTN7u,email,EN,1,,,,,,,,,,,
2020-05-19 13:07:32,2020-05-19 13:32:05,0,100,1473,1,2020-05-19 13:32:06,R_1rIApfH3IDi4gwv,email,EN,1,,,3,1,"1,2,4",,2,,2,5,Both STEM and Social Sciences(double major)
2020-05-19 13:31:26,2020-05-19 13:33:21,0,100,115,1,2020-05-19 13:33:21,R_27JVikvTQD7MpZT,email,EN,2,"2,3,5",I'm a transfer student and my time on campus at Carleton is already very limited.,,,,,1,1,2,5,
2020-05-19 13:34:09,2020-05-19 13:34:31,0,100,22,1,2020-05-19 13:34:31,R_1LLl2UQIN0G3kAg,email,EN,2,5,Program cancelled,,,,,2,,1,1,
2020-05-19 13:34:15,2020-05-19 13:34:55,0,100,39,1,2020-05-19 13:34:55,R_zS85dMvhHXVF0KB,email,EN,1,,,2,2,"1,5",,2,,1,1,
2020-05-19 13:34:18,2020-05-19 13:34:58,0,100,40,1,2020-05-19 13:34:59,R_2bIBPhBx35sj7wj,email,EN,1,,,2,2,,,1,1,1,1,
2020-05-19 13:34:29,2020-05-19 13:35:14,0,100,44,1,2020-05-19 13:35:14,R_3KIyExfQ5gGuCJU,email,EN,1,,,3,1,"2,4",,2,,1,2,
2020-05-19 13:32:59,2020-05-19 13:36:31,0,100,212,1,2020-05-19 13:36:32,R_3QYuxAy3igi5OQ4,email,EN,1,,,3,1,"1,3,5",,1,2,1,1,
2020-05-19 13:36:27,2020-05-19 13:36:50,0,100,22,1,2020-05-19 13:36:50,R_1DwdBh8zp2jiJdN,email,EN,2,2,,,,,,1,3,1,3,
2020-05-19 13:37:03,2020-05-19 13:37:40,0,100,36,1,2020-05-19 13:37:40,R_1gtNW9CN2HUi7nu,email,EN,2,2,,,,,,2,,1,3,
2020-05-19 13:35:04,2020-05-19 13:37:46,0,100,162,1,2020-05-19 13:37:46,R_32LpasCiQ9ktlqx,email,EN,1,,,3,1,"1,2,5",,1,1,1,2,
2020-05-19 13:37:46,2020-05-19 13:38:31,0,100,44,1,2020-05-19 13:38:31,R_2V1Qa33sXaB48XW,email,EN,1,,,"3,4",1,2,,2,,1,3,
2020-05-19 13:37:56,2020-05-19 13:38:56,0,100,59,1,2020-05-19 13:38:56,R_O1JUo9rXMj5pYEF,email,EN,1,,,3,1,"1,5",,1,3,1,5,Undecided
2020-05-19 13:39:13,2020-05-19 13:39:46,0,100,33,1,2020-05-19 13:39:46,R_1cSPdwQOsEpVVaz,email,EN,1,,,3,1,"1,2,4",,2,,1,1,
2020-05-19 13:40:44,2020-05-19 13:41:14,0,100,29,1,2020-05-19 13:41:14,R_2S2WXpjjO4m2QTw,email,EN,1,,,3,1,1,,2,,1,4,
2020-05-19 13:40:16,2020-05-19 13:41:14,0,100,57,1,2020-05-19 13:41:14,R_3ncHVI3MgRwYMIy,email,EN,1,,,,1,"1,4",,,,1,2,
2020-05-19 13:40:28,2020-05-19 13:41:39,0,100,71,1,2020-05-19 13:41:39,R_3qpREotFSXwZAiY,email,EN,2,"3,5",I'm kind of already abroad,,,,,2,,2,1,
2020-05-19 13:41:17,2020-05-19 13:41:39,0,100,22,1,2020-05-19 13:41:40,R_RxFbXtugdisTaWR,email,EN,1,,,3,2,,,2,,1,1,
2020-05-19 13:40:29,2020-05-19 13:42:27,0,100,118,1,2020-05-19 13:42:27,R_2CIXFtiNilBouqR,email,EN,1,,,,,,,2,,1,5,Language
2020-05-19 13:42:02,2020-05-19 13:42:45,0,100,43,1,2020-05-19 13:42:45,R_1ovhBnUWey92odm,email,EN,1,,,3,1,"1,4,5",,2,,1,3,
2020-05-19 13:42:33,2020-05-19 13:43:14,0,100,40,1,2020-05-19 13:43:14,R_2y8Hkuv7AujSVVV,email,EN,2,2,,,,,,1,1,1,1,
2020-05-19 13:42:31,2020-05-19 13:43:26,0,100,55,1,2020-05-19 13:43:26,R_10orznp5zm4URjE,email,EN,1,,,2,1,"1,2,4,5",,1,1,1,3,
2020-05-19 13:43:47,2020-05-19 13:44:08,0,100,21,1,2020-05-19 13:44:08,R_1kUBGiHBrmTaiKm,email,EN,1,,,2,2,,,2,,1,2,
2020-05-19 13:02:20,2020-05-19 13:44:34,0,100,2534,1,2020-05-19 13:44:34,R_2U3O5VOR1mooioh,email,EN,1,,,3,2,,,1,3,1,1,
2020-05-19 13:44:14,2020-05-19 13:44:53,0,100,39,1,2020-05-19 13:44:54,R_1g1qwL4asyD4Min,email,EN,1,,,3,1,"1,4",,2,,1,1,
2020-05-19 13:45:58,2020-05-19 13:46:27,0,100,28,1,2020-05-19 13:46:27,R_Av5WE12FgDlCsSJ,email,EN,1,,,2,1,"1,4,5",,2,,1,2,
2020-05-19 13:46:05,2020-05-19 13:46:31,0,100,25,1,2020-05-19 13:46:31,R_3OkRhpjbQSM12ue,email,EN,1,,,3,1,"1,2,4,5",,2,,1,2,
2020-05-19 13:46:30,2020-05-19 13:46:55,0,100,25,1,2020-05-19 13:46:55,R_3KPggX3X5GwfhWJ,email,EN,1,,,2,1,"1,4,5",,2,,1,2,
2020-05-19 13:46:29,2020-05-19 13:46:58,0,100,28,1,2020-05-19 13:46:58,R_1FUkEWFEnsyzd85,email,EN,1,,,3,1,"2,4",,2,,1,1,
2020-05-19 13:46:36,2020-05-19 13:47:03,0,100,27,1,2020-05-19 13:47:03,R_77XAIrBdN6epMHL,email,EN,1,,,,,,,,,,,
2020-05-19 13:44:55,2020-05-19 13:47:20,0,100,145,1,2020-05-19 13:47:21,R_1o6zrPmDgamP2u0,email,EN,2,5,"The format of college OCS wouldn’t necessarily match what I would look for in time spent in another country. I want to spend time outside the U. S., but I think doing so on my own terms after college would allow me to get the most out of it and hopefully do it in a sustainable way.",,,,,1,1,1,1,
2020-05-19 13:50:32,2020-05-19 13:51:01,0,100,29,1,2020-05-19 13:51:02,R_1g1hs9wfTyBCIUl,email,EN,1,,,3,1,"1,4",,2,,1,2,
2020-05-19 13:50:47,2020-05-19 13:51:45,8,100,58,1,2020-05-19 13:51:46,R_1ND4e4e8NSn9jr7,email,EN,1,,,3,1,"1,4,5",,2,,1,3,
2020-05-19 13:49:12,2020-05-19 13:52:22,0,100,190,1,2020-05-19 13:52:22,R_3Q7XrDffZrBopgZ,email,EN,1,,,,1,"1,4,5",,2,,1,3,
2020-05-19 13:51:47,2020-05-19 13:52:45,0,100,57,1,2020-05-19 13:52:45,R_SNO8SEDFhmRUmat,email,EN,1,,,"3,4",2,,,2,,1,1,
2020-05-19 13:53:33,2020-05-19 13:53:51,0,100,17,1,2020-05-19 13:53:51,R_2VEoIACHzmNz9cy,email,EN,2,1,,,,,,2,,1,1,
2020-05-19 13:53:37,2020-05-19 13:54:04,0,100,26,1,2020-05-19 13:54:04,R_2YyT1d68KKIeJ3w,email,EN,1,,,3,2,,,2,,1,3,
2020-05-19 13:55:29,2020-05-19 13:55:48,0,100,18,1,2020-05-19 13:55:48,R_211Ejg2pb0WyIhp,email,EN,2,2,,,,,,2,,1,1,
2020-05-19 13:55:40,2020-05-19 13:56:16,0,100,35,1,2020-05-19 13:56:17,R_24uznvu44AHDGlq,email,EN,1,,,3,1,2,,2,,1,1,
2020-05-19 13:55:42,2020-05-19 13:56:20,0,100,37,1,2020-05-19 13:56:20,R_2RaYjdpXHhS38Cc,email,EN,1,,,3,2,,,2,,1,1,
2020-05-19 13:56:05,2020-05-19 13:56:35,0,100,29,1,2020-05-19 13:56:35,R_23V25jmXdgdXkIf,email,EN,1,,,"2,3",1,"1,2,4,5",,2,,1,2,
2020-05-19 13:57:56,2020-05-19 13:58:59,0,100,62,1,2020-05-19 13:58:59,R_3syMRj0Hs0k0rAt,email,EN,1,,,3,2,,,2,,1,1,
2020-05-19 13:58:47,2020-05-19 13:59:48,0,100,61,1,2020-05-19 13:59:48,R_3MM2GXtERDNJ9lH,email,EN,2,5,"There was nothing interesting + I'm an international student so I'm already studying abroad. ",,,,,2,,1,1,
2020-05-19 14:00:24,2020-05-19 14:00:47,0,100,23,1,2020-05-19 14:00:47,R_1GJ2YjPuDtcxqkz,email,EN,1,,,3,1,"1,4",,1,1,1,1,
2020-05-19 14:00:33,2020-05-19 14:01:02,0,100,28,1,2020-05-19 14:01:02,R_3nkl0ZeelofiO9F,email,EN,1,,,,,,,2,,1,1,
2020-05-19 14:03:45,2020-05-19 14:04:12,0,100,27,1,2020-05-19 14:04:12,R_1poFG0TwNkqI1dp,email,EN,1,,,3,1,"1,4,5",,2,,1,2,
2020-05-19 14:03:36,2020-05-19 14:04:24,0,100,48,1,2020-05-19 14:04:24,R_D5KGMAaqz40qlQl,email,EN,1,,,2,1,"1,4,5",,1,2,1,3,
2020-05-19 14:04:09,2020-05-19 14:04:35,0,100,26,1,2020-05-19 14:04:35,R_AyN1fM7C4l9PDXP,email,EN,2,5,freshman,,,,,2,,1,1,
2020-05-19 14:04:19,2020-05-19 14:04:45,0,100,26,1,2020-05-19 14:04:46,R_1EhX2cUyakmGfbs,email,EN,1,,,3,1,"1,4",,1,3,1,1,
2020-05-19 14:07:53,2020-05-19 14:08:17,0,100,24,1,2020-05-19 14:08:17,R_1l043k00qtefJC3,email,EN,1,,,2,2,,,2,,2,3,
2020-05-19 13:18:05,2020-05-19 14:08:20,0,100,3015,1,2020-05-19 14:08:21,R_sdPZYQlxUUBe5wZ,email,EN,1,,,,,,,1,1,1,1,
2020-05-19 14:11:04,2020-05-19 14:11:31,0,100,27,1,2020-05-19 14:11:31,R_2tKhF9ATAEgWcXh,email,EN,1,,,4,2,,,2,,1,2,
2020-05-19 14:11:45,2020-05-19 14:12:31,0,100,45,1,2020-05-19 14:12:31,R_2B55vKBwA8yrGjk,email,EN,1,,,2,1,2,,1,1,1,3,
2020-05-19 14:11:28,2020-05-19 14:12:44,0,100,76,1,2020-05-19 14:12:44,R_3JpUAPorvhZfkI5,email,EN,2,5,"I would rather take courses at Carleton. During breaks, I wish to be with family.",,,,,2,,2,5,Probably STEM but presently undetermined
2020-05-19 14:13:19,2020-05-19 14:13:50,0,100,31,1,2020-05-19 14:13:50,R_sv4sOByQBwLbphn,email,EN,1,,,3,1,"1,2,4",,2,,1,3,
2020-05-19 14:14:15,2020-05-19 14:15:02,0,100,46,1,2020-05-19 14:15:02,R_3R9P08CGAuC1wxl,email,EN,1,,,,1,"1,2,5,6",Family there,2,,1,1,
2020-05-19 14:14:26,2020-05-19 14:15:11,0,100,45,1,2020-05-19 14:15:11,R_8puC37f80TJQLTj,email,EN,2,"1,4",,,,,,,1,2,2,
2020-05-19 14:15:22,2020-05-19 14:15:56,0,100,33,1,2020-05-19 14:15:56,R_2OHcjBZcoGEZXHG,email,EN,1,,,3,1,"1,4,5",,2,,1,1,
2020-05-19 14:17:26,2020-05-19 14:17:44,0,100,18,1,2020-05-19 14:17:44,R_2b0FcXZRJtnxE6r,email,EN,1,,,2,2,,,2,,1,3,
2020-05-19 14:17:25,2020-05-19 14:18:30,0,100,65,1,2020-05-19 14:18:30,R_2CWAadkEivVWwbJ,email,EN,2,"3,5","The default is inaction rather than action. I had no reason to do it, and therefore don't need any reason not to.",,,,,2,,2,1,
2020-05-19 14:19:57,2020-05-19 14:20:20,0,100,22,1,2020-05-19 14:20:20,R_3nAydavFE70fWd5,email,EN,1,,,3,1,"1,4,5",,2,,1,1,
2020-05-19 14:21:43,2020-05-19 14:22:02,0,100,19,1,2020-05-19 14:22:02,R_yKGh4dQKJTgwiAh,email,EN,1,,,3,2,,,2,,1,1,
2020-05-19 14:25:52,2020-05-19 14:26:32,0,100,40,1,2020-05-19 14:26:32,R_1feXK7y8wG7ye8B,email,EN,1,,,3,2,,,2,,1,3,
2020-05-19 14:26:48,2020-05-19 14:27:24,0,100,36,1,2020-05-19 14:27:24,R_1Kv63nq9AKivrLX,email,EN,1,,,3,1,"1,2,4,5",,2,,1,1,
2020-05-19 14:29:23,2020-05-19 14:29:55,0,100,32,1,2020-05-19 14:29:56,R_2cj8o597uotrG3Y,email,EN,1,,,3,2,,,2,,1,1,
2020-05-19 14:18:40,2020-05-19 14:31:24,0,100,763,1,2020-05-19 14:31:24,R_BwUeA9dEmJzbLJn,email,EN,1,,,3,1,"1,4,5",,2,,1,3,
2020-05-19 14:30:58,2020-05-19 14:31:35,0,100,37,1,2020-05-19 14:31:35,R_V3ZlRxMLxQ9bY09,email,EN,1,,,,2,,,2,,1,1,
2020-05-19 14:30:36,2020-05-19 14:31:36,0,100,59,1,2020-05-19 14:31:36,R_D8gV5KVLxOZINA5,email,EN,1,,,,1,"1,5",,2,,1,1,
2020-05-19 14:32:43,2020-05-19 14:33:15,0,100,31,1,2020-05-19 14:33:15,R_pnJUGlRUveUrri1,email,EN,1,,,2,1,1,,2,,2,2,
2020-05-19 14:32:35,2020-05-19 14:33:17,0,100,41,1,2020-05-19 14:33:17,R_1q1ISAyVUHhiEZ4,email,EN,1,,,2,1,1,,2,,1,2,
2020-05-19 14:33:24,2020-05-19 14:34:13,0,100,49,1,2020-05-19 14:34:13,R_3R4MMWKsg4S0yS1,email,EN,1,,,4,1,"1,5",,2,,2,3,
2020-05-19 14:36:07,2020-05-19 14:37:02,0,100,54,1,2020-05-19 14:37:03,R_1LLI3VTKHFtVM1y,email,EN,1,,,,,,,1,2,1,1,
2020-05-19 14:37:11,2020-05-19 14:37:43,0,100,31,1,2020-05-19 14:37:43,R_1GJngh5RIhPOSnb,email,EN,1,,,,1,"1,5",,2,,2,1,
2020-05-19 14:37:53,2020-05-19 14:38:25,0,100,32,1,2020-05-19 14:38:25,R_Y9SHock5Emzbyyl,email,EN,1,,,2,1,"1,4,5",,2,,1,2,
2020-05-19 14:38:03,2020-05-19 14:38:53,0,100,49,1,2020-05-19 14:38:53,R_1jIGsXnI5AtYOU2,email,EN,1,,,3,1,"1,2,4",,2,,1,5,Stem/humanities double major
2020-05-19 14:38:41,2020-05-19 14:39:05,0,100,24,1,2020-05-19 14:39:06,R_4SAKYncmxHPOh6V,email,EN,1,,,3,1,1,,2,,1,2,
2020-05-19 14:38:42,2020-05-19 14:39:10,0,100,27,1,2020-05-19 14:39:10,R_2YXsrnTczi9DLiq,email,EN,1,,,3,2,,,2,,1,4,
2020-05-19 14:39:08,2020-05-19 14:39:38,0,100,29,1,2020-05-19 14:39:38,R_2sXPmqLvGCwxP7X,email,EN,1,,,3,2,,,2,,1,2,
2020-05-19 14:40:02,2020-05-19 14:40:52,0,100,49,1,2020-05-19 14:40:52,R_2QWLUkdacDDZsCV,email,EN,1,,,3,1,"1,4,6",ease of family/friends to visit,2,,1,1,
2020-05-19 14:41:51,2020-05-19 14:42:25,0,100,34,1,2020-05-19 14:42:25,R_1NfrQLg9JzA6141,email,EN,1,,,,2,,,2,,2,,
2020-05-19 14:42:44,2020-05-19 14:43:20,0,100,35,1,2020-05-19 14:43:20,R_3oMF2w6I14I7fQn,email,EN,2,5,So few options for political science,,,,,2,,1,3,
2020-05-19 14:42:47,2020-05-19 14:44:32,0,100,104,1,2020-05-19 14:44:32,R_3rGx3azR4DwY3DC,email,EN,1,,,,,,,,,,,
2020-05-19 14:44:42,2020-05-19 14:45:13,0,100,31,1,2020-05-19 14:45:13,R_12Ee6YCYUGWYmeN,email,EN,2,"2,3",,,,,,2,,1,1,
2020-05-19 14:46:07,2020-05-19 14:46:26,0,100,19,1,2020-05-19 14:46:26,R_9vRJ0sYWGJGNywN,email,EN,2,2,,,,,,2,,1,2,
2020-05-19 14:46:31,2020-05-19 14:47:26,0,100,54,1,2020-05-19 14:47:26,R_1pMbbx3zlrC1qqW,email,EN,1,,,2,1,"1,5",,1,2,1,5,"undeclared, but probably arts"
2020-05-19 14:50:46,2020-05-19 14:51:25,0,100,39,1,2020-05-19 14:51:26,R_3HBmGixaUFNAjam,email,EN,1,,,3,1,"1,2,4",,2,,1,4,
2020-05-19 14:51:55,2020-05-19 14:52:34,0,100,38,1,2020-05-19 14:52:34,R_1hXeW98ICmBVo1Y,email,EN,2,"2,5",No reason to,,,,,2,,2,5,Unsure
2020-05-19 14:52:42,2020-05-19 14:53:27,0,100,44,1,2020-05-19 14:53:27,R_b2RhYeDryvcMVln,email,EN,1,,,,1,"1,2",,2,,1,1,
2020-05-19 14:53:31,2020-05-19 14:54:17,0,100,45,1,2020-05-19 14:54:17,R_24NVqjTv6lICLwG,email,EN,1,,,3,1,5,,1,3,1,3,
2020-05-19 14:56:07,2020-05-19 14:57:06,0,100,59,1,2020-05-19 14:57:07,R_2X7qM7k1PbPz6M7,email,EN,1,,,"2,3",1,"1,4,5,6",subject related to minor,2,,1,3,
2020-05-19 15:00:17,2020-05-19 15:00:43,0,100,26,1,2020-05-19 15:00:43,R_3fNK0TldsS1TtsF,email,EN,1,,,3,2,2,,2,,1,1,
2020-05-19 15:05:44,2020-05-19 15:06:18,0,100,33,1,2020-05-19 15:06:18,R_3qZOUjakZErvZ0d,email,EN,1,,,3,1,"1,2,4",,2,,1,3,
2020-05-19 15:06:07,2020-05-19 15:06:33,0,100,25,1,2020-05-19 15:06:33,R_1NEYHxXgGANQ3Fr,email,EN,1,,,3,2,,,2,,1,3,
2020-05-19 15:09:36,2020-05-19 15:10:28,0,100,51,1,2020-05-19 15:10:28,R_NXWcWNTJKbfABqx,email,EN,2,5,Covid-19,,,,,1,2,1,5,Chinese
2020-05-19 15:14:43,2020-05-19 15:15:08,0,100,24,1,2020-05-19 15:15:08,R_3GwwGnixr2huIuU,email,EN,1,,,2,2,,,2,,1,2,
2020-05-19 15:02:16,2020-05-19 15:17:49,0,100,933,1,2020-05-19 15:17:49,R_sX7vTFR4EDSjDsB,email,EN,1,,,3,1,"1,4",,2,,1,1,
2020-05-19 15:17:43,2020-05-19 15:18:15,0,100,31,1,2020-05-19 15:18:15,R_tT0wFtFsReISq1X,email,EN,2,"2,4",,,,,,,3,1,1,
2020-05-19 15:23:27,2020-05-19 15:24:01,0,100,33,1,2020-05-19 15:24:01,R_DPg1X6Ke2n8B79L,email,EN,1,,,3,2,,,2,,1,3,
2020-05-19 15:24:43,2020-05-19 15:25:11,0,100,27,1,2020-05-19 15:25:11,R_3EJZxcl97ze2eKe,email,EN,1,,,3,1,"1,3,5",,2,,1,3,
2020-05-19 15:28:06,2020-05-19 15:28:31,0,100,25,1,2020-05-19 15:28:31,R_33l4Dr0FguQ5O5j,email,EN,1,,,3,1,"1,2,4,5",,2,,1,2,
2020-05-19 15:30:36,2020-05-19 15:30:56,0,100,19,1,2020-05-19 15:30:56,R_C3RedCctHXG6OGJ,email,EN,1,,,3,2,,,2,,1,1,
2020-05-19 15:33:18,2020-05-19 15:33:54,0,100,35,1,2020-05-19 15:33:54,R_Y4cqXXMq9f5xjmF,email,EN,1,,,,1,"1,4,5",,2,,1,2,
2020-05-19 15:35:58,2020-05-19 15:36:45,0,100,46,1,2020-05-19 15:36:45,R_1mFBvm0AC9n5gTi,email,EN,1,,,,,,,1,2,1,3,
2020-05-19 15:39:55,2020-05-19 15:40:24,0,100,28,1,2020-05-19 15:40:24,R_28Y6UuQXpSHXs18,email,EN,1,,,2,1,"1,4,5",,2,,1,3,
2020-05-19 15:41:56,2020-05-19 15:42:35,0,100,38,1,2020-05-19 15:42:35,R_Ut1hEka3jQWDwfD,email,EN,1,,,3,1,"1,2,4",,2,,2,1,
2020-05-19 15:41:54,2020-05-19 15:42:38,0,100,44,1,2020-05-19 15:42:39,R_2Tu8GsYmj2KnAcb,email,EN,2,"1,4",,,,,,,3,2,5,double major in stem and humanities
2020-05-19 15:45:48,2020-05-19 15:46:13,0,100,25,1,2020-05-19 15:46:13,R_3qdIoJfSsmCNKNy,email,EN,2,2,,,,,,2,,1,1,
2020-05-19 15:46:54,2020-05-19 15:47:25,0,100,30,1,2020-05-19 15:47:25,R_2BerFd5Qort2Qwq,email,EN,1,,,2,2,,,2,,1,2,
2020-05-19 15:47:35,2020-05-19 15:47:58,0,100,22,1,2020-05-19 15:47:58,R_1ePNrJ2fKK71CEG,email,EN,1,,,3,2,,,2,,1,1,
2020-05-19 15:49:32,2020-05-19 15:50:01,0,100,29,1,2020-05-19 15:50:01,R_vc2DA1a5yzgNw7D,email,EN,1,,,2,1,"1,2,5",,2,,1,2,
2020-05-19 15:50:42,2020-05-19 15:51:10,0,100,28,1,2020-05-19 15:51:10,R_2QrO6jQF5cHaKTK,email,EN,1,,,3,2,,,2,,1,1,
2020-05-19 15:52:01,2020-05-19 15:52:38,0,100,36,1,2020-05-19 15:52:38,R_3h3cBoUMCoelVtK,email,EN,1,,,2,2,,,2,,1,1,
2020-05-19 15:53:58,2020-05-19 15:54:31,0,100,32,1,2020-05-19 15:54:31,R_26ezyw2XFft6Z1u,email,EN,1,,,4,1,"1,4,5",,1,3,1,2,
2020-05-19 15:16:50,2020-05-19 15:55:46,0,100,2335,1,2020-05-19 15:55:46,R_8nT5YorzhUQbQch,email,EN,2,"1,2",,,,,,2,,1,5,STEM and Social Sciences (double)
2020-05-19 15:56:04,2020-05-19 15:56:36,0,100,32,1,2020-05-19 15:56:36,R_qyYSpudJj1rBu5r,email,EN,2,"3,5",Mental health concerns,,,,,2,,1,3,
2020-05-19 15:58:18,2020-05-19 15:58:49,0,100,30,1,2020-05-19 15:58:49,R_1LINXki5J1poHpp,email,EN,1,,,3,1,"2,4",,2,,1,3,
2020-05-19 15:39:52,2020-05-19 15:59:52,0,100,1199,1,2020-05-19 15:59:52,R_27e4esdO7AduuyB,email,EN,1,,,3,2,,,2,,1,1,
2020-05-19 16:00:25,2020-05-19 16:00:54,0,100,28,1,2020-05-19 16:00:54,R_Ov7wbY7T3zRKzBL,email,EN,1,,,3,1,"1,2,4",,2,,1,3,
2020-05-19 16:02:21,2020-05-19 16:02:45,0,100,23,1,2020-05-19 16:02:45,R_6g3KpKqodcP9s1r,email,EN,2,1,,,,,,2,,1,2,
2020-05-19 16:02:12,2020-05-19 16:03:51,0,100,99,1,2020-05-19 16:03:52,R_12RKLulYtmfdra0,email,EN,1,,,2,1,"5,6",I also attended a two week winter break OCS program in Senegal.,2,,1,2,
2020-05-19 16:06:31,2020-05-19 16:07:05,0,100,33,1,2020-05-19 16:07:05,R_1psZcc9MgDUbura,email,EN,1,,,2,1,"1,4,5",,2,,1,3,
2020-05-19 16:11:35,2020-05-19 16:12:02,0,100,26,1,2020-05-19 16:12:02,R_3KASHMpC8TUse0y,email,EN,1,,,3,1,"1,2,4",,2,,1,4,
2020-05-19 16:17:00,2020-05-19 16:17:47,0,100,46,1,2020-05-19 16:17:47,R_2qdAmUlHsntHgQ9,email,EN,2,"2,5",I have DACA so I cannot leave the U.S.,,,,,2,,2,1,
2020-05-19 16:21:51,2020-05-19 16:25:19,0,100,207,1,2020-05-19 16:25:19,R_2zcol7MoK9lpF6P,email,EN,1,,,1,2,"1,2",,2,,1,3,
2020-05-19 15:51:09,2020-05-19 16:42:55,0,100,3106,1,2020-05-19 16:42:56,R_2fkySAMPqKVUTZC,email,EN,1,,,2,2,1,,2,,1,1,
2020-05-19 16:49:00,2020-05-19 16:49:40,0,100,40,1,2020-05-19 16:49:40,R_u9XgL4UbZhTwKUp,email,EN,1,,,3,2,,,2,,1,4,
2020-05-19 16:50:12,2020-05-19 16:50:48,0,100,36,1,2020-05-19 16:50:48,R_5dNIzWznHjlPmet,email,EN,1,,,3,1,"1,2,4,5",,2,,1,1,
2020-05-19 16:50:52,2020-05-19 16:52:08,0,100,76,1,2020-05-19 16:52:08,R_3Mbqb3K2TKbCLqD,email,EN,1,,,3,1,"2,6",Carleton-Specific OCS program,2,,1,3,
2020-05-19 16:52:17,2020-05-19 16:53:24,0,100,66,1,2020-05-19 16:53:25,R_31cs7fb5GQ65m0r,email,EN,2,5,I’m planning on participating in one in the future.,,,,,2,,2,2,
2020-05-19 16:55:11,2020-05-19 16:56:06,0,100,55,1,2020-05-19 16:56:06,R_2uTL7c1cDHrDS9Y,email,EN,1,,,2,2,,,2,,2,2,
2020-05-19 16:56:44,2020-05-19 16:57:35,0,100,50,1,2020-05-19 16:57:35,R_25GaBNAHrrcZwVB,email,EN,1,,,,1,"1,2,3,4",,1,3,1,3,
2020-05-19 16:56:50,2020-05-19 16:57:47,0,100,56,1,2020-05-19 16:57:47,R_3mlOZecjbixySyv,email,EN,1,,,2,2,,,1,1,1,1,
2020-05-19 17:11:46,2020-05-19 17:13:13,0,100,87,1,2020-05-19 17:13:13,R_pGhvIMVlczE2Mxz,email,EN,2,,,,,,,,,2,1,
2020-05-19 17:14:03,2020-05-19 17:14:38,0,100,34,1,2020-05-19 17:14:38,R_xDirjBHDRk5y6Zj,email,EN,1,,,2,2,6,not in Europe,2,,1,2,
2020-05-19 17:16:26,2020-05-19 17:16:51,0,100,25,1,2020-05-19 17:16:52,R_eu2QIsu9gy4RiSZ,email,EN,2,2,,,,,,2,,1,3,
2020-05-19 17:13:26,2020-05-19 17:17:57,0,100,270,1,2020-05-19 17:17:57,R_3MxGyHIAFpgHPbe,email,EN,2,1,,,,,,2,,1,3,
2020-05-19 17:21:03,2020-05-19 17:21:41,0,100,37,1,2020-05-19 17:21:41,R_2WZLzlkjAo55UZ6,email,EN,1,,,3,2,,,2,,1,1,
2020-05-19 17:33:23,2020-05-19 17:34:18,0,100,55,1,2020-05-19 17:34:18,R_2rvb9EjR3gedXE8,email,EN,1,,,2,1,"1,4",,2,,1,2,
2020-05-19 17:37:47,2020-05-19 17:38:13,0,100,25,1,2020-05-19 17:38:13,R_3F8xJfvHloc36kp,email,EN,2,"1,2",,,,,,2,,1,1,
2020-05-19 17:38:11,2020-05-19 17:38:56,0,100,45,1,2020-05-19 17:38:56,R_WBA4n3yIvvkJzOh,email,EN,1,,,,1,2,,2,,1,2,
2020-05-19 17:38:54,2020-05-19 17:40:19,0,100,84,1,2020-05-19 17:40:19,R_2cjUGdL1SGkOtqZ,email,EN,1,,,3,2,,,1,3,1,1,
2020-05-19 17:42:49,2020-05-19 17:43:34,0,100,45,1,2020-05-19 17:43:34,R_20MMiKwWpRt2Qt5,email,EN,1,,,3,1,"1,2,4",,2,,1,3,
2020-05-19 17:48:48,2020-05-19 17:49:21,0,100,33,1,2020-05-19 17:49:21,R_bwGhDcCqKwrJzBD,email,EN,1,,,2,2,,,2,,1,2,
2020-05-19 17:56:18,2020-05-19 17:57:35,0,100,76,1,2020-05-19 17:57:35,R_12PjGQx9YEUqzma,email,EN,1,,,,,,,,,,,
2020-05-19 18:03:46,2020-05-19 18:04:33,0,100,46,1,2020-05-19 18:04:33,R_2ZEs6ff9rVtM9uF,email,EN,2,5,Cancelled due to COVID-19,,,,,1,1,1,2,
2020-05-19 18:04:20,2020-05-19 18:04:49,0,100,29,1,2020-05-19 18:04:50,R_3R2u2rvZUYavWkK,email,EN,1,,,2,1,"1,2",,1,2,2,2,
2020-05-19 18:00:24,2020-05-19 18:04:59,0,100,274,1,2020-05-19 18:04:59,R_3PKlIJHCd33WQP7,email,EN,1,,,3,1,"1,2,4",,2,,1,2,
2020-05-19 18:05:19,2020-05-19 18:06:05,0,100,45,1,2020-05-19 18:06:05,R_3ozucxXp2gCGBXZ,email,EN,1,,,3,2,,,1,3,1,2,
2020-05-19 18:10:00,2020-05-19 18:10:58,0,100,58,1,2020-05-19 18:10:58,R_RQB6Ryo3CNwLjEd,email,EN,2,5,Double major and didn’t want my terms at Carleton to be overwhelming,,,,,1,3,1,1,
2020-05-19 18:18:05,2020-05-19 18:18:56,0,100,51,1,2020-05-19 18:18:57,R_1KdpiIpZsV6Wtiw,email,EN,1,,,"2,3",1,"1,2,5",,2,,1,5,Environmental Studies (all of the above!)
2020-05-19 18:21:26,2020-05-19 18:22:03,0,100,36,1,2020-05-19 18:22:03,R_2q94SOS5JiRplMT,email,EN,1,,,3,1,"2,4",,1,2,1,1,
2020-05-19 18:27:47,2020-05-19 18:28:18,0,100,31,1,2020-05-19 18:28:19,R_vf3NUzXsPPDxiql,email,EN,1,,,3,1,2,,2,,1,1,
2020-05-19 18:29:16,2020-05-19 18:29:40,0,100,24,1,2020-05-19 18:29:40,R_2zqNiIdvrSmxysj,email,EN,2,2,,,,,,2,,1,1,
2020-05-19 18:30:25,2020-05-19 18:31:11,0,100,45,1,2020-05-19 18:31:11,R_3Lkmjie9tQW1sAX,email,EN,2,"2,4",,,,,,,2,1,3,
2020-05-19 19:00:23,2020-05-19 19:00:51,0,100,28,1,2020-05-19 19:00:51,R_3QVGoDgDqWIrVnt,email,EN,1,,,3,2,,,2,,2,3,
2020-05-19 19:05:54,2020-05-19 19:07:03,0,100,68,1,2020-05-19 19:07:03,R_2v2GAoGigIyAD6U,email,EN,1,,,4,1,"1,5",,2,,1,2,
2020-05-19 12:48:08,2020-05-19 19:13:28,0,100,23119,1,2020-05-19 19:13:28,R_1Ii95SPiU7Iry6T,email,EN,2,2,,,,,,2,,1,1,
2020-05-19 19:13:28,2020-05-19 19:14:52,0,100,83,1,2020-05-19 19:14:52,R_2yjsimoi1iMOdQg,email,EN,1,,,3,1,"1,2",,2,,1,3,
2020-05-19 19:18:20,2020-05-19 19:18:55,0,100,35,1,2020-05-19 19:18:55,R_ZBL801b8NF8TTjj,email,EN,1,,,,1,"1,4",,2,,1,,
2020-05-19 19:19:53,2020-05-19 19:21:50,0,100,116,1,2020-05-19 19:21:50,R_1NaIokBz8VRuuzC,email,EN,2,5,"cronic medcial condition,not wanting to leave country",,,,,2,,2,1,
2020-05-19 19:25:27,2020-05-19 19:26:11,0,100,43,1,2020-05-19 19:26:11,R_3OkUwMtcThpqShn,email,EN,1,,,3,1,"1,4,5",,2,,2,"1,3",
2020-05-19 19:37:52,2020-05-19 19:38:30,0,100,38,1,2020-05-19 19:38:31,R_1d6LZeLIs769khp,email,EN,1,,,3,1,"1,2,6",Sustainability,2,,1,2,
2020-05-19 19:39:18,2020-05-19 19:40:17,0,100,58,1,2020-05-19 19:40:17,R_YXFBRLWFHiYDoY1,email,EN,2,5,,,2,,,2,,1,5,CAMS
2020-05-19 19:43:36,2020-05-19 19:44:08,0,100,31,1,2020-05-19 19:44:08,R_3R8zv2XPM5vaKD5,email,EN,1,,,3,1,2,,2,,1,1,
2020-05-19 19:46:33,2020-05-19 19:47:24,0,100,51,1,2020-05-19 19:47:24,R_3R2Uqt8xM0afQZu,email,EN,1,,,,1,"1,4,5",,1,1,1,5,undecided
2020-05-19 20:00:36,2020-05-19 20:01:17,0,100,40,1,2020-05-19 20:01:17,R_3HU0Q1Giz1MGTtX,email,EN,1,,,2,2,,,2,,1,1,
2020-05-19 20:04:24,2020-05-19 20:04:55,0,100,31,1,2020-05-19 20:04:55,R_eeQcO5TANugmwO5,email,EN,1,,,2,2,,,2,,1,"2,4",
2020-05-19 20:06:57,2020-05-19 20:07:26,0,100,29,1,2020-05-19 20:07:26,R_2wsQo8Nu21C5mhJ,email,EN,1,,,3,2,,,2,,1,1,
2020-05-19 20:12:35,2020-05-19 20:14:29,0,100,114,1,2020-05-19 20:14:30,R_3DirHGdRwKNqtOv,email,EN,1,,,"2,3",1,6,I did not attend a European program,2,,1,1,
2020-05-19 20:21:26,2020-05-19 20:22:08,0,100,41,1,2020-05-19 20:22:08,R_2c0g91GYr1oNgVO,email,EN,1,,,3,1,"1,4",,2,,1,2,
2020-05-19 19:19:25,2020-05-19 20:26:43,0,100,4037,1,2020-05-19 20:26:43,R_2eR8nF27DEHYImn,email,EN,2,,,,2,,,2,,2,1,
2020-05-19 20:42:21,2020-05-19 20:43:06,0,100,44,1,2020-05-19 20:43:06,R_1CK3An1x6pn3Fes,email,EN,2,5,,,,,,,,2,1,
2020-05-19 20:47:05,2020-05-19 20:48:18,0,100,73,1,2020-05-19 20:48:18,R_1gOTeojdI4YJLKZ,email,EN,1,,,3,2,,,2,,1,1,
2020-05-19 20:50:50,2020-05-19 20:51:51,0,100,61,1,2020-05-19 20:51:52,R_1etIPrCzK9um5sd,email,EN,2,"4,5",I didn't see this as my one chance to go or live abroad and I really did not want to miss a term at Carleton,,,,,,"1,2",2,1,
2020-05-19 21:04:57,2020-05-19 21:05:31,0,100,34,1,2020-05-19 21:05:31,R_3GlbYoBeZOHdMEE,email,EN,1,,,,1,"1,4,5",,2,,1,"2,3",
2020-05-19 21:58:11,2020-05-19 21:58:39,0,100,28,1,2020-05-19 21:58:39,R_1IT4kOI0OnxubVL,email,EN,1,,,3,2,,,2,,1,3,
2020-05-19 22:01:17,2020-05-19 22:01:46,0,100,28,1,2020-05-19 22:01:46,R_3KxQ38ZZctnHrQm,email,EN,1,,,3,2,,,2,,1,1,
2020-05-19 22:30:47,2020-05-19 22:31:50,0,100,62,1,2020-05-19 22:31:52,R_10TP9QeVnwwvGWu,email,EN,1,,,3,1,2,,2,,1,2,
2020-05-19 22:34:38,2020-05-19 22:35:16,0,100,38,1,2020-05-19 22:35:17,R_1o0di0mv44VEmLV,email,EN,2,5,"The two trips I applied for ended up getting canceled ",,,,,2,,1,1,
2020-05-19 22:51:39,2020-05-19 22:52:21,0,100,41,1,2020-05-19 22:52:21,R_3gRGiBEChb8ouXY,email,EN,1,,,2,1,"1,4,5",,2,,1,3,
2020-05-19 23:01:32,2020-05-19 23:02:00,0,100,28,1,2020-05-19 23:02:01,R_392tEIxxBRSIhoZ,email,EN,1,,,,2,,,2,,1,,
2020-05-20 00:03:40,2020-05-20 00:04:08,0,100,28,1,2020-05-20 00:04:08,R_1Qs8USVQ0K1mLvI,email,EN,1,,,3,2,,,2,,1,3,
2020-05-20 00:05:17,2020-05-20 00:05:52,0,100,35,1,2020-05-20 00:05:52,R_1rMRu24hILIz8Bf,email,EN,1,,,2,1,"1,2",,2,,1,4,
2020-05-20 01:35:00,2020-05-20 01:35:38,0,100,38,1,2020-05-20 01:35:38,R_3IbD0fuCHf1pcrv,email,EN,1,,,3,2,,,1,"1,2,3",1,"1,4",
2020-05-20 01:21:14,2020-05-20 01:45:09,0,100,1434,1,2020-05-20 01:45:09,R_2ONiC9WdJeyQFq5,email,EN,1,,,"2,3",1,"1,2,4",,2,,1,1,
2020-05-20 02:09:01,2020-05-20 02:09:29,0,100,28,1,2020-05-20 02:09:30,R_sL6HPhxMN5vAEGR,email,EN,2,2,,,,,,2,,1,3,
2020-05-20 03:10:26,2020-05-20 03:11:08,0,100,41,1,2020-05-20 03:11:08,R_22VSPxSe45l1CU8,email,EN,1,,,2,1,"1,4,5",,2,,2,3,
2020-05-20 07:00:12,2020-05-20 07:00:41,0,100,28,1,2020-05-20 07:00:41,R_2CQdGQa12PK4w4O,email,EN,1,,,2,1,5,,2,,1,3,
2020-05-20 07:37:16,2020-05-20 07:38:56,0,100,99,1,2020-05-20 07:38:56,R_2Bm4de0f9IFh1zi,email,EN,1,,,3,1,4,,1,"1,3",1,5,undeclared
2020-05-20 07:33:56,2020-05-20 07:40:01,0,100,365,1,2020-05-20 07:40:01,R_1rBm08Qv6e9p8vl,email,EN,2,5,Didn't apply due to covid,,,,,2,,1,1,
2020-05-20 07:50:44,2020-05-20 07:51:23,0,100,39,1,2020-05-20 07:51:23,R_1diOw3zmRG7X6bz,email,EN,1,,,3,2,,,1,"1,2,3",1,3,
2020-05-20 08:14:09,2020-05-20 08:14:36,0,100,27,1,2020-05-20 08:14:36,R_290ogB6KhpJRBzD,email,EN,2,2,,,,,,2,,1,1,
2020-05-20 08:32:14,2020-05-20 08:32:37,0,100,22,1,2020-05-20 08:32:37,R_8oy859ytcSSh3nX,email,EN,1,,,2,1,"1,4,5",,2,,1,3,
2020-05-20 09:08:44,2020-05-20 09:09:47,0,100,62,1,2020-05-20 09:09:47,R_2zqMqqxT3WvXspF,email,EN,1,,,3,2,,,2,,1,2,
2020-05-20 09:11:17,2020-05-20 09:12:01,0,100,43,1,2020-05-20 09:12:01,R_1JKiNJaTZCfFYSs,email,EN,1,,,,2,,,2,,2,"1,3",
2020-05-20 09:29:05,2020-05-20 09:29:46,0,100,40,1,2020-05-20 09:29:46,R_2ccHya9TuHvn4cx,email,EN,1,,,3,2,,,1,"1,2,3",1,"1,3",
2020-05-20 09:45:13,2020-05-20 09:45:43,0,100,29,1,2020-05-20 09:45:43,R_3rNCqiKMzk8vr0E,email,EN,2,5,I am already abroad,,,,,2,,1,"1,2",
2020-05-20 09:47:51,2020-05-20 09:48:42,0,100,51,1,2020-05-20 09:48:42,R_3jffp0BgSexoGB9,email,EN,1,,,3,2,,,1,1,1,2,
2020-05-20 09:55:42,2020-05-20 09:56:58,0,100,76,1,2020-05-20 09:56:59,R_24dcYPK5vYqf9wk,email,EN,1,,,"2,3",1,"1,4,5",,2,,1,4,
2020-05-20 10:01:56,2020-05-20 10:02:36,0,100,39,1,2020-05-20 10:02:36,R_25vdr0EKSG2v4i4,email,EN,1,,,,1,"1,4,5",,2,,1,1,
2020-05-20 10:37:26,2020-05-20 10:38:30,0,100,64,1,2020-05-20 10:38:30,R_3FKJgE6WhUzg2Ri,email,EN,1,,,3,2,,,2,,1,"2,3",
2020-05-20 11:10:48,2020-05-20 11:11:39,0,100,51,1,2020-05-20 11:11:40,R_2ASbdOcYDsIr5ti,email,EN,2,3,,,,,,2,,2,1,
2020-05-20 12:29:50,2020-05-20 12:31:01,0,100,70,1,2020-05-20 12:31:01,R_2QEezEmBGczfyeM,email,EN,1,,,2,2,,,2,,1,"3,5",PreHealth Program
2020-05-20 13:54:27,2020-05-20 13:55:33,0,100,65,1,2020-05-20 13:55:33,R_2wbgaCGTCiAidkq,email,EN,1,,,3,2,,,2,,1,1,
2020-05-20 14:06:11,2020-05-20 14:06:43,0,100,31,1,2020-05-20 14:06:43,R_1ImZfnKfGqW1GnJ,email,EN,2,5,Conflict with non-athletic extracurriculars,,,,,2,,1,3,
2020-05-20 14:48:08,2020-05-20 14:48:52,0,100,43,1,2020-05-20 14:48:52,R_5o8jU7umydcRtBf,email,EN,1,,,3,2,,,2,,1,1,
2020-05-20 15:24:29,2020-05-20 15:25:22,0,100,53,1,2020-05-20 15:25:23,R_1gGywvUE5TIzSGv,email,EN,1,,,3,1,2,,2,,1,3,
2020-05-20 19:59:35,2020-05-20 19:59:59,0,100,24,1,2020-05-20 19:59:59,R_2z8BhZdWEgUbTEA,email,EN,1,,,3,2,,,2,,1,2,
2020-05-20 20:15:39,2020-05-20 20:16:29,0,100,49,1,2020-05-20 20:16:29,R_2aaYu9b9FTpALxg,email,EN,1,,,,,,,2,,1,"1,4",
2020-05-20 20:34:42,2020-05-20 20:35:20,0,100,38,1,2020-05-20 20:35:20,R_1oBALNkbJ9uiUYt,email,EN,2,5,COVID-19 made me want to spend more time on campus,,,,,2,,1,1,
2020-05-20 20:56:17,2020-05-20 20:56:42,0,100,25,1,2020-05-20 20:56:43,R_06thDACvn62HSyl,email,EN,1,,,2,1,"1,5",,2,,1,3,
2020-05-20 21:32:14,2020-05-20 21:32:51,0,100,36,1,2020-05-20 21:32:51,R_2ePsU88F5gSk0Qz,email,EN,1,,,3,1,"1,5",,2,,1,1,
2020-05-20 21:55:39,2020-05-20 21:56:29,0,100,49,1,2020-05-20 21:56:29,R_1n1KJHR0StVl7Cr,email,EN,2,5,had trouble getting my feet on the ground at Carleton,,,,,2,,1,1,
2020-05-20 23:01:05,2020-05-20 23:01:40,0,100,35,1,2020-05-20 23:01:40,R_2zRQCzhX121Juda,email,EN,1,,,,2,,,2,,2,1,
2020-05-20 23:29:12,2020-05-20 23:30:53,0,100,100,1,2020-05-20 23:30:53,R_1N51q6hskK5Kz2b,email,EN,1,,,2,1,"1,4,5",,2,,1,"1,3",
2020-05-21 00:50:46,2020-05-21 00:51:28,0,100,42,1,2020-05-21 00:51:28,R_2t9w1RKUxt7MMUW,email,EN,1,,,3,1,"1,2,3,4,5",,2,,1,"2,4",
2020-05-19 12:43:15,2020-05-21 07:21:17,0,100,153482,1,2020-05-21 07:21:17,R_Z2CbeRXK9YYsvm1,email,EN,1,,,"2,3",1,"1,4,5",,2,,1,5,"Double major, one humanities, one arts"
2020-05-21 07:37:20,2020-05-21 07:38:02,0,100,41,1,2020-05-21 07:38:03,R_3EMagrg5hxsC6Bm,email,EN,2,2,,,,,,2,,1,3,
2020-05-21 08:02:50,2020-05-21 08:03:48,0,100,57,1,2020-05-21 08:03:48,R_3lGsp6n8vwn8e0Q,email,EN,1,,,2,2,6,Na,2,,1,1,
2020-05-21 10:00:27,2020-05-21 10:01:50,0,100,83,1,2020-05-21 10:01:50,R_ByojIfneEzsRbax,email,EN,1,,,"2,3",2,,,2,,1,1,
2020-05-21 12:13:33,2020-05-21 12:14:15,0,100,41,1,2020-05-21 12:14:15,R_1JQuF8q07n5PoI6,email,EN,1,,,,2,,,1,1,2,1,
2020-05-21 12:15:26,2020-05-21 12:16:27,0,100,61,1,2020-05-21 12:16:27,R_3PAyFmAE31Z1bQ7,email,EN,1,,,,1,1,,2,,2,,
2020-05-21 13:02:13,2020-05-21 13:02:39,0,100,26,1,2020-05-21 13:02:40,R_2c60hLxVrWrQpBj,email,EN,1,,,3,2,,,2,,2,1,
2020-05-21 16:49:50,2020-05-21 16:50:21,0,100,30,1,2020-05-21 16:50:21,R_6ShBNKsFTZei2Pv,email,EN,1,,,4,2,,,2,,1,1,
2020-05-21 19:12:50,2020-05-21 19:15:00,0,100,130,1,2020-05-21 19:15:01,R_2TSMp7fd1JXEoY5,email,EN,1,,,2,1,6,"It was the content of the program, more than the location, that attracted me. (I went in the architectural studies trip)",2,,1,1,
2020-05-21 19:26:46,2020-05-21 19:27:15,0,100,28,1,2020-05-21 19:27:15,R_1BWMfzGlvASkUn7,email,EN,1,,,3,2,,,2,,1,1,
2020-05-21 20:48:52,2020-05-21 20:49:49,0,100,56,1,2020-05-21 20:49:49,R_30jciDq80nxLa4x,email,EN,1,,,3,1,"1,4,6",Academics unrelated to major,2,,1,1,
2020-05-21 22:36:56,2020-05-21 22:37:31,0,100,35,1,2020-05-21 22:37:31,R_1OMK9vS8TfDVn7F,email,EN,2,4,,,,,,,"1,2,3",1,1,
